0,1,2
1,10/16 ART GALLERY,10/16 ART GALLERY
2,12/11 (Rally Chowk),S115
3,16/10 ROSE GARDEN,S604
4,17 chowk.,S617
5,39 Grain Market.,S714
6,3 BRD (Base Repair Depot),S500
7,48 Motor Market/Jagatpura-,S350
8,"AANCHAL INTERNATIONAL SCHOOL, SECTOR 41 D",S880
9,Aanganwadi Building Mauli Jagran.,S919
10,"Aayushman bharat health and. wellness centre, Daria",S918
11,Aero City Block D,S999
12,Air Force Station,S623
13,"A.K.S.I.P.S. SMArT SCHOOL,SECTOR 41B",S879
14,AL1,S635
15,AL11,S645
16,AL2,S646
17,AL3,S647
18,AL4,S648
19,AL5,S649
20,"AL6,10",S650
21,AL7,S652
22,"AL8,9",S651
23,Ambika Florence,S1010
41,Attawa Chowk towards 43,S932
42,Attawa Chowk towards Kissan Bhawan,S933
43,Attawa/Sector 36/42,S206
44,Attawa/Sector 42/36,S210
45,BACK SIDE POLICE LINE Sector 26,S482
46,Bakarpur,S138
47,Balongie,S141
48,Baltana,S383
49,Bansepur/Omaxe Cassia.,S1013
50,"BANYAN TREE SCHOOL, SECTOR-48",S798
51,Bassi Light Point(U.T. Barrier),S302
52,Behlana Old Airport,S7
53,Behlana Request,S6
54,Bella Homes,S1019
55,Bell Factory,S474
56,Bhabat,S629
57,Bhaddal,Bhaddal
58,Bhago Majra,S307
59,Bhankarpur (Down),S541
60,Bhankarpur (Up),S140
61,Bird Park,S672
62,Block,S160
63,"B.M.D. PUBLIC SCHOOL, SECTOR 63",S863
64,Boothgarh/Kartarpur,S163
65,BRITISH (SANJAY) PUBLIC SCHOOL . SECTOR 44,S851
66,Brodhi,S559
67,Cantonment,S25
68,"CARMEL CONVENT SCHOOL SECTOR - 9B, CHANDIGARH",S745
69,C.C.E.T. 26,S721
70,"CENTRAL POULTRY FARM, INDUSTRIAL AREA, PHASE-1",S793
71,CHANDIGARH BAPTIST SCHOOL. SECTOR 45,S855
72,Chappar Chiri,S274
73,Chatt Morr,S389
74,Chatt Village,S386
75,Chawala Hospital Chowk (Down),S311
76,Chawala Hospital Chowk (Up),S539
77,Chhatbir Zoo Parking,S598
78,Chhattbir ZOO,S387
79,"CITY BANQUET, (OLD JANJ GHAR) SECTOR -23D, Chandigarh",S762
80,Colony No. 4,S91
81,Command Hospital (Down),S92
82,Command Hospital (Up),S93
83,"COMMUNITY CENTER, DHANAS",S723
84,"COMMUNITY CENTER, MILK COLONY, DHANAS",S724
85,COMMUNITY CENTER VILLAGE MALOYA,S867
94,"COMMUNITY CENTRE, SECTOR-22B, Chandigarh",S757
95,COMMUNITY CENTRE SECTOR 25-B,S729
96,COMMUNITY CENTRE SECTOR 38 WEST,S877
97,"COMPOSITE ANGANWADI CENTRE, BAPU DHAM COLONY, SECTOR-26",S912
98,"CRECHE NEAR GOVT MODE! Sr Sec SCHOOL, SECTOR - 22A",S756
99,CTU Depot 2,S621
100,CTU Workshop,S39
101,CTU Workshop towards railway station,S1025
102,CTU Workshop (UP),S618
103,CVRM DAV SchooI,S1022
104,D1,S633
105,D2,S634
106,D3,S641
107,D4,S642
108,D5,S643
109,D6,S644
110,Daddu Majra Colony,S175
111,Dadu Majra Colony,S356
112,Dadu Majra Village,S137
113,Daffarpur,S1018
114,Daun (Down),S162
115,Daun (Up),S164
127,DEV SAMAJ COLLEGE FOR WOMEN SECTOR 45,S910
128,Dhakoli,S340
129,Dhakoli Border,S323
130,Dhanas Colony,S717
131,Dhanas (Down),S101
132,Dhanas Lake,S103
133,Dhanas near Bridge,S971
134,Dhanas (Up),S102
135,DLF Chowk,S689
136,DM Bridge,S268
137,Doda Majra,S690
138,Dolphin Chowk,S684
139,DRONACHARYA SPORTS STADIUM.VILLAGE DADUMAJRA,S871
140,Eco City-2 Block C Takipur,S983
141,Eco City-2 Block D,S982
142,ECO City New Chandigarh.,S624
143,Elante Mall (Down).,S96
144,Elante Mall (Up),S95
145,Faidan Village,S966
146,Fatehpur,S560
147,Ferozpur (Down),S156
148,Ferozpur (Up),S158
149,Fire Brigade Phase-2. Towards Ramdarbar.,S977
150,Fire Brigade Phase-2 Towards Sector 31,S978
151,Focal Point/Silver City.,S1016
152,Fortis Hospital.,S314
153,Fortis-PSEB (Down),S315
154,Franco,S168
155,Furniture Chowk(UT Border).,S276
156,Geeta Bhawan Chowk.,S683
157,"G.G.M.S.S.SCHOOL SECTOR-18C, Chandigarh",S767
158,"G.G.M.S.S.SCHOOL SECTOR-20B, Chandiqarh",S771
159,G.M.C.H. 32,S17
160,"G.M.S.S.SCHOOL, SECTOR-19C, Chandigarh",S769
178,"GOVT HIGH SCHOOL, SEC-38 B",S904
179,"GOVT HIGH SCHOOL, SECTOR-19D",S768
180,"GOVT HIGH SCHOOL, SECTOR 24 A",S730
181,"GOVT HIGH SCHOOL, SECTOR-30A",S792
182,GOVT HIGH SCHOOL SECTOR 32 D,S895
183,"GOVT HIGH SCHOOL, SECTOR 46 C",S857
184,"GOVT HIGH SCHOOL, SECTOR-47A",S794
185,"GOVT. HIGH SCHOOL, SECTOR 54",S884
186,"GOVT HIGH SCHOOL (SMART), SECTOR 53",S864
187,GOVT HIGH SCHOOL VILLAGE DADU MAJRA,S870
188,"GOVT HIGH SCHOOL, VILLAGE DARIA",S797
189,"GOVT INDUSTRIAL TRAINING INSTITUTE, SECTOR-28C, Chandigarh",S783
190,"GOVT MIDDLE SCHOOL, SECTOR-26, Bapu Dham",S779
191,GOVT MIDDLE SCHOOL SECTOR 33 B,S896
192,"Govt Middle School, Sector. 56 Chandigarh",S823
193,GOVT MIDDLE SCHOOL VILLAGE BURAIL,S908
194,"GOVT MODEL HIGH SCHOOL KARSAN RAM DARBAR PHASE 1, CHANDIGARH",S815
195,GOVT MODEL HIGH SCHOOL KHUDA JASSU,S740
204,GOVT MODEL HIGH SCHOOL RC-II SMALL FLATS MALOYA,S869
205,"Govt Model High School, Sec 29B, Chandigarh",S820
206,GOVT. MODEL HIGH SCHOOL SEC-37 C,S902
207,"GOVT MODEL HIGH SCHOOL, SEC-43 A",S906
208,"GOVT MODEL HIGH SCHOOL SECTOR-11A, CHANDIGARH",S747
209,"GOVT MODEL HIGH SCHOOL SECTOR-20D, Chandigarh",S770
210,"GOVT MODEL HIGH SCHOOL SECTOR-22C, Chandigarh",S758
211,"GOVT MODEL HIGH SCHOOL, SECTOR-25",S733
212,"GOVT MODEL HIGH SCHOOL SECTOR-26, Chandigarh",S776
213,"GOVT MODEL HIGH SCHOOL SECTOR-28C, Chandiqarh",S782
214,GOVT MODEL HIGH SCHOOL SECTOR-29A,S790
215,"GOVT MODEL HIGH SCHOOL SECTOR 31 C, CHANDIGARH",S805
216,GOVT MODEL HIGH SCHOOL SECTOR 34 C,S898
217,"Govt Model High School, Sector 35D",S923
218,GOVT MODEL HIGH SCHOOL SECTOR 38 D,S875
219,GOVT MODEL HIGH SCHOOL SECTOR 38(WEST),S876
220,Govt Model High School Sector 40A,S926
221,"GOVT. MODEL HIGH SCHOOL, SECTOR 41A",S885
278,Haripur,Haripur
279,Harmilap Nagar.,S472
280,HDFC Head Office Chowk,S1007
281,High Court (Up & Down),S20
282,Homi Bhabha Hospital,S668
283,Hoshiarpur,S703
284,Housing Board Chowk,S620
285,Housing Board Chowk Towards ISBT 43,S43
286,Housing Board Chowk Towards Panchkula,S42
287,Housing Board Towards 9/16,S477
288,Indira Colony Down,S75
289,Indira Colony Up.,S536
290,Industrial Area Phase-1,S956
291,Industrial Area Phase -1/ Sector 28,S367
292,Industrial Area Phase 2,S571
293,Industrial Area Phase 2 in front Tata Motors,S972
294,Industrial Area Phase 2 near passport office,S958
295,Industrial Area Phase 2 near PRTC,S957
296,Industrial Area Phase 2/ Phase 1,768
297,IRB Camp,S357
298,ISBT 17,S21
299,l.S.B.T. 17 BackSide,S706
300,ISBT 17 (Sector 22/17),S415
301,ISBT 43,S22
302,ISBT Mohali,S30
303,"I.S.DEV SAMAJ Sr Sec SCHOOL, SECTOR-21C, Chandigarh",S774
304,IT Park (Down),S149
305,IT Park Parking,S558
306,IT Park Up,S533
307,IVY Hospital (Down).,S305
308,IVY Hospital (Up),S306
309,Jagatpura/ 48 Motor Market.,S349
310,Jal Vayu Tower.,S665
311,"JANJ GHAR, BURAIL",S911
312,"JANJ GHAR, COMMUNITY CENTRE, SECTOR-47B",S796
313,"JAWAHAR NAVODAYA VIDYALAYA, SECTOR 25",S732
314,Jayanti Majri,Jayanti Majri
315,Jhande Majra.,S398
316,Jhungiyan,S388
317,Jhurheri,S667
318,Jhurheri Parking.,S988
319,Jujhar Nagar,S371
320,Kaali Baari Mandir. towards 3BRD,S501
321,Kaali Baari Mandir towards 47,S945
322,Kaimbwala 1,S151
323,Kaimbwala 2,S152
324,Kakrali,S408
325,Kalagram Down,S145
326,Kalagram Up,S537
327,Kansal,S335
328,Kendriya Sadan.,J002
329,KENDRIYA VIDYALAYA SECTOR-29B,S804
330,KFC,S663
331,Kharar,S24
332,Khera,S278
333,Khizrabad,S165
334,Khuda Alisher.,S338
335,Khuda Lahora Bridge,S269
336,Khuda Lahora (Down),S70
337,Khuda Lahora (Up),S71
338,Kishan bhavan,Kishan bhavan
339,Kishangarh Down,S143
340,Kishangarh Up,S535
341,Kubaheri,S400
342,Kurali,S561
343,K.V. School- 29,S466
344,K.V. School-31,S486
345,Lake Chowk,S680
346,Lake mod,S612
347,Lake Parking,S628
348,Lakhnaur,S271
360,Majra/Siswan T/P,S279
361,Majri Chowk,S557
362,Maloya,S171
363,Maloya Mod/Anaj Mandi Towards Maloya,S940
364,Maloya Mod/Anaj Mandi Towards Water Works,S976
365,ManakPur/Sangatpura,S399
366,Manauli,S701
367,Manav International School,S1000
368,Mani Majra,S414
369,Mani Majra Fun Republic,S426
370,Mani Majra Fun Republic(UP),S630
371,ManiMajra Outer,S544
372,Mani Majra Town,S374
373,Mansa Devi Complex,S685
374,Mata Mansa Devi,S88
375,Mauli Jagran,S263
376,Mauli Nabi,S697
377,MCM COLLEGE FOR WOMEN SECTOR 36,$900 
378,"MDAV HIGH SCHOOL SECTOR-22A, CHANDIGARH",S754
379,MedCity Light,S688
380,Mianpur,Mianpur
381,Mianpurchanger,Mianpurcha nger
382,Milk Colony Towards Barrier,S715
383,Milk Colony Towards Depot 3,S716
384,Mini Park,J004
385,Mini Secretariat (Down),S52
386,Mini Secretariat (Up),S53
387,MLA flat chowk,S613
388,MLA Flats (Down),S50
389,MLA Flats (Up),J001
390,Modern Complex,S150
391,Moginanad/Sector 25 (Down),S76
392,Moginanad/Sector 25 (Up),S77
393,Mohali Bus Stand,S313
394,Morni T-Point,S1021
417,"NEW PUBLIC SCHOOL, SECTOR-18B",S766
418,Old Barrier,S169
419,"OLD COMMUNITY CENTRE VIKAS NAGAR, MAULI JAGRAN. CHANDIGARH",S808
420,Old Panchkula (PKL),S34
421,Omaxe Phase-1/2,S1011
422,Omaxe Tower,S1008
423,Omax Phase-II,S692
424,Palsora (Chandigarh),S662
425,PANCHAYAT GHAR NEAR SAMPARK CENTER. DHANAS,S737
426,Panchkula Bus Stand.,S324
427,"Parchh, Punjab","Parchh, Punjab"
428,Paroul (Down),S277
429,Paroul (Up),S556
430,Patiala Road Airport Lights,S705
431,Paultry Farm,S339
432,P.B. Border,S473
433,PGI,S148
434,PGI(UP),PGI(UP)
435,Phase-11 (Mohali),S347
436,Phase-3/5 (Down),S303
437,Phase-3/5 (Up),S304
438,Phase 6 - 35,S585
439,Phase-6 (U.T Border) A.,S170
440,Phase-6 (U.T Border) C,S546
441,Phase-7/8 (Mohali),S384
442,Phase-7 (Down),S312
443,Phase-7 (Up),S538
444,Phase-8,S465
445,Phase 8/Amb sahib,S608
446,picardly chowk.,picardly chowk
447,Plaksha University,S1003
448,Platinum Homes/Sanauli,S981
449,Police Line Sec-25,S1020
450,"POST GRADUATE GOVT COLLEGE FOR GIRLS, SECTOR 42",S905
451,POST GRADUATE GOVT COLLEGE. SECTOR 46B,S856
452,P.S.E.B. Sector 62,S316
453,Punjab Civil Secratariat,S36
454,Punjab Engineering College (PEC),S49
455,"PUNJAB MLA HOSTEL CANTEEN, SECTOR 4, CHANDIGARH",S742
456,Purkhali,Purkhali
457,Railway Crossing Towards 28 Grain Market,S417
458,Railway Crossing Towards Manimajra.,500
459,Railway Crossing towards Railway Station,S416
460,Railway Station (Chandigarh),S51
461,Railway Station (Mohali),S355
462,Raipur,S588
463,Raipur Kalan (U.T. Border,S382
464,Raipur Khurd.,S8
465,Raipur Khurd-1,S418
466,Raipur Khurd. Towards Zirakpur.,S422
467,Ram Darbar,S94
468,Ramgarh,S406
469,Rangilpur,Rangilpur
470,Rani Majra,S693
471,Rasulpur,S691
472,R.B.P. City,S1004
473,"RIMT WORLD SCHOOL MANIMAJRA, Chandigarh",S838
474,Risort Lake,S1009
475,Rock garden towards lake,S615
476,Rock garden Towards Sectt,S673
477,Ropar,Ropar
478,"RYAN INTERNATIONAL SCHOOL, SECTOR 49-B",S859
479,Saini Majra,S1012
480,Saketri,S334
481,Saneta,S309
482,Saneta Parking,S599
483,Santemajra,S275
484,Sarangpur Barrier (Down),S72
485,Sarangpur Barrier (Up),S73
486,Sarangpur School (Down).,S720
487,Sarangpur School (UP),S719
488,Sarangpur Village (Down).,S955
489,Sarangpur Village (UP).,S718
490,SAUPIN SCHOOL SECTOR 32 A,S893
491,SDM Office,S507
492,"S.D. SAINI PUBLIC SCHOOL, SECTOR 38C",S874
493,"SD SR SEC SCHOOL, SECTOR 24 C",S731
494,Sec-39/Water Works--13 A Towards ISBT 43.,S547
495,Sec-39/Water Works--13 C,S548
496,Sector 09/10,S676
497,Sector 10/09,S675
498,Sector 10/09 near Matka Chowk,S677
499,Sector 10/11,S610
500,Sector 10/11 Panchkula,S251
501,Sector 10/15 Panchkula,S224
502,Sector 10/16 General Hospital,S54
503,Sector 104,S587
504,Sector 10D/11,S710
505,Sector 10 Market.,S379
506,Sector 11/10,S611
507,Sector 11/10 Panchkula,S267
508,Sector 11/12 Rally Chowk Panchkula,S116
509,Sector 11/15,S118
510,Sector 11/4,S654
511,Sector-119/74,S568
512,Sector 11A/2 PEC,S994
513,Sector 11B/10,S709
514,Sector 11C/10,S711
515,Sector 11 Market,S380
516,Sector 12/2,S997
517,Sector 123 (Mohali),S666
518,Sector 125 (Mohali),S664
519,Sector 12 Panchkula (Down),S484
520,Sector 12 Panchkula (Up).,S483
521,Sector 14/15,S189
522,Sector 14/25,S236
523,Sector 15/10 Panchkula,S227
524,Sector 15/11,S119
525,Sector 15/14,S188
526,Sector 15/16,S232
527,Sector 15/24,S296
528,Sector 15D/14,S949
529,Sector 15 market.,S373
530,Sector 16/10 General Hospita,S68
531,Sector 16/15,S234
532,Sector 16/17,S59
533,Sector 16/17 near Matka Chowk,S712
534,Sector 16/23,S410
535,Sector 16/9 Panchkula,S228
536,Sector 16 Market (Down),S112
537,Sector 16 Market (Up),S111
538,Sector 17/16,S60
539,Sector 17/16 near Matka Chowk,S674
540,Sector 17/18,S81
541,Sector 17/18 (Govt. Press),S82
542,Sector 17/22,Sector 17/22
543,Sector 17/8 Panchkula,S475
544,Sector 17/9 K.C (Down),S173
545,Sector 17/9 K.C (Up),S172
546,Sector 18/17,S555
547,Sector 18/17 (Govt. Press),S85
548,Sector 18/19,S470
549,Sector 18/21,S325
550,Sector 18/8,S87
551,Sector 18D/17,S980
552,Sector 18 Market (Down),S114
553,Sector 18 Market (Up).,S113
554,Sector 19/18,S469
555,Sector 19/20,S326
556,Sector 19/27,S199
557,Sector 19/27A,S998
558,Sector 19/7,S90
559,Sector 19C/27,S947
560,Sector 19 Market (Down),S121
561,Sector 19 Market (Up),S122
562,Sector 20/19,S331
563,sector 20/21,S459
564,Sector 20/33,S264
565,Sector 20B/30A,S944
566,Sector 20C/30D,S294
567,Sector 20 Market.,S69
568,Sector 20 Panchkula,S322
569,Sector 21/18,S332
570,Sector 2/11A PEC,S995
571,Sector 2/12,S996
572,sector 21/20,S460
573,Sector 21/22 Aroma,S540
574,Sector 21/34,S252
575,Sector 21A/22,S713
576,Sector 21 Market.,S66
577,Sector 21 Market Panchkula,S67
578,Sector 22,S478
579,Sector 22/17,S552
580,Sector 22/23,S74
581,Sector 22/23 Panchkula,S655
582,Sector 22/35,S255
583,Sector 22C(UP/DOWN),S941
584,Sector 23/16,S333
585,Sector 23/22,S61
586,Sector 23/24 Chandigarh,S669
587,Sector 23/24 Panchkula,S661
588,Sector 23/36,S299
589,Sector 23 Market.,S369
590,Sector 24/15,S297
591,Sector 24/23 Chandigarh,S670
592,Sector 24/25,S190
593,Sector 24/25 Panchkula,S656
594,Sector 24/37,S298
595,Sector 24 Market.,S370
596,Sector 25/14,S235
597,Sector 25/24,S191
598,Sector 25/38 Light Point.,S288
599,Sector 25 near Dental College,S970
600,Sector 26/27,S80
601,Sector 26/27 Outer Panchkula,S659
602,Sector 26/28 Grain Market,S250
603,Sector 26 Panchkula.,S660
604,Sector 26 Polytechnic. College Panchkula.,S657
605,Sector 27/19,S242
606,Sector 27/19C,S948
607,Sector 27/26,S79
608,Sector 27/28,S185
609,Sector 27/28 Panchkula,S658
610,Sector 27/30,S327
611,Sector 27A/19,S967
612,Sector 27 Market (Down),S126
613,Sector 27 Market (Up).,S127
614,Sector 28/26 Grain Market,S128
615,Sector 28/27,S186
616,Sector 28/29,S328
617,Sector 28 Market (Down),S134
618,Sector 28 Market (Up).,S133
619,Sector 28 Petrol Pump. (Down),S132
620,Sector 28 Petrol Pump (Up),S130
621,Sector 29/28,S329
622,Sector 29/30,S184
623,Sector 29/31 (Tribune).,S247
624,Sector 29/31 (Tribune) Down,S545
625,Sector 29/ Industrial Area Phase-1,S136
626,Sector 29 Market (Down),S129
627,Sector 29 Market (Up).,S131
628,Sector 30/27,S330
629,Sector 30/29,S183
630,Sector 30/32 Hospital,S248
631,Sector 30A/20B,S292
632,Sector 30D/20C,S943
633,Sector 30D/32,S930
634,Sector 30 Market.,S135
635,Sector 31/29 (Tribune),S246
636,Sector 31/32 Market,S448
637,Sector 31 Market,S16
638,Sector 32/30D,S931
639,Sector 32/30 Hospital,S249
640,Sector 32/31,S181
641,Sector 32/31 S.D. College,S696
642,Sector 32/33,S291
643,Sector 32A/33,S993
644,Sector 32 Market,S365
645,Sector 33/20,S265
646,Sector 33/32,S289
647,Sector 33/34,S392
648,Sector 33/34 Labour chowk,S962
649,Sector 33D/32A,S959
650,Sector 33 Market,S363
651,Sector 34/21,S253
652,Sector 34/33,S393
653,Sector 34/35,S938
654,Sector 34A/35B JW Marriot,S178
655,Sector 34D/35C,S939
656,Sector 34 Market,S362
657,Sector 35/22,S254
658,Sector 35/34,S937
659,Sector 35/34 Liqht Point,S573
660,Sector 35/36 Flower Market,S63
661,Sector 35/36 Kissan bhawan,S678
662,Sector 35B/34A JW Marriot,S179
663,Sector 35C/34D,S936
664,Sector 35 Market (Down),S479
665,Sector 35 Market (Up),S480
666,Sector 36/23,S196
667,Sector 36/23 Kissan bhawan,S679
668,Sector 36/35 Flower Market,S62
669,Sector 36/35 Kissan Bhawan,S341
670,Sector 36/37,S286
671,Sector 36B/36C,S984
672,Sector 36 Market,S372
673,Sector 37/24,S197
674,Sector 37/36,S287
675,Sector 37/38,S38
676,Sector 37/41,S207
677,Sector 37 A Bhaskar Chowk,S987
678,Sector 37 Market (Down),S33
679,Sector 37 Market (Up),S35
680,Sector 38/25,S551
681,Sector 38/25 Light Point,S290
682,Sector 38/37,S37
683,Sector 38/38W,S238
684,Sector 38/39,S195
685,Sector 38/40,S193
686,Sector 38 Market,S360
687,Sector 38w/38,S239
688,Sector 38 West,S174
689,Sector 38 West Light Point,S572
690,Sector 39/38 west,S194
691,Sector 39/40 Towards Sector 25 West.,S549
692,Sector 39/56,S198
693,Sector 39A,S954
694,Sector 39 Market,S632
695,Sector 40/38,S192
696,Sector 40/39,S396
697,Sector 40/41,S209
698,Sector 40C/41,S953
699,Sector 40 Market,S200
700,Sector 4/11,S653
701,Sector 41/37,S208
702,Sector 41/40,S413
703,Sector 41/40 Market,S961
704,Sector 41/42,S31
705,Sector 41A/40B,S960
706,Sector 41 Market Towards 40,S785
707,Sector 41 Market Towards 42,S125
708,Sector 42/43,S65
709,Sector 42/53,S229
710,Sector 42 Market towards ISBT 43,S969
711,Sector 42 Market towards Sector 41,S32
712,Sector 43/42,S64
713,Sector 43/42-,S607
714,Sector 43/44,S83
715,Sector 43/44 near 43 Chowk,S991
716,Sector 43C,S935
717,Sector 43C/44,S946
718,Sector 43 In,S496
719,Sector 43 Out.,S498
720,Sector 44/43,S84
721,Sector 44/45,S282
722,Sector 44/51(Colony No. 5),S344
723,Sector 44A/43,S965
724,Sector 44C Gaushala,S942
725,Sector 44D/51,S992
726,Sector 44 market towards 43,S975
727,Sector 44 Market towards 45,S201
728,Sector 45/44 Towards ISBT 43,S283
729,Sector 45/44 Up Towards Sukhna Lake,S550
730,Sector 45/46,S285
731,Sector 45A/44B,S963
732,Sector 45D/44,S964
733,Sector 45 Market,S203
734,Sector 46/45,S284
735,SECTOR 46/47,S180
736,Sector 46A/45,S968
737,Sector 46 Market (Down),S204
738,Sector 46 Market (Up),S205
739,SECTOR 47/46,S182
740,Sector 47C (Down) (Near Gurudwara),S784
741,Sector 47 Market (Down),S456
742,Sector 47 Market - Up,S153
743,Sector 47 Outer Towards Ramdarbar,S155
744,Sector 48/49 (U.T. Border) (Down),S337
745,Sector 48/49 (UT Border) (Up),S336
746,Sector 48B (Down),S951
747,Sector 48B (UP),S950
748,Sector 48 Market (Down),S787
749,Sector 48 Market (UP),S788
750,Sector 49A/50B,S221
751,Sector 49D/50C (U.T. Border),S986
752,Sector 49 Market (Down),S789
753,Sector 49 Market (UP),S403
754,Sector 4 Panchkula,S300
755,Sector 50/45,S1023
756,Sector 50/51,S308
757,Sector 50B/49A,S359
758,Sector 50C/49D(U.T. Border),S985
759,Sector 50D/51,S1024
760,Sector 50 Market (Down),S402
761,Sector 50 Market (UP),S786
762,Sector 51/44(Colony No. 5),S342
763,Sector 51/50,S237
764,Sector 51/52,S934
765,Sector 51A,S616
766,Sector 51 Market,S260
767,Sector 52/51,S614
768,Sector 52/53,S233
769,Sector 52A Market,S952
770,Sector 53/42,S301
771,Sector 53/52,S244
772,Sector 53A near Mohali Barrier.,S979
773,Sector 53 near school,S973
774,Sector 54/55,S554
775,Sector 55/54,S553
776,Sector 55/56,S240
777,Sector 55/Phase-1,S425
778,Sector 55 Phase 1 (35),S586
779,Sector 56/39,S543
780,Sector 56/55,S241
781,Sector 61/62,S212
782,Sector 62/61,S211
783,Sector 62/63(U.T. Border),S346
784,Sector 63/62(U.T. Border),S345
785,Sector 63/64,S351
786,Sector 63/64 Liqht Point,S708
787,Sector 63/Phase-9,S354
788,Sector 64/63,S225
789,Sector 64 Market/Phase 10,S353
790,Sector 65/Phase 11,S320
791,Sector-66/67 (Mohali),S449
792,Sector 66/81(IISER),S217
793,Sector 66A/82,S219
794,Sector 66/Industrial Area,S404
795,Sector 66 Market,S319
796,Sector 67/66 (Mohali),S411
797,Sector 67/68,S226
798,Sector 67/80,S436
799,Sector 67 Market,S318
800,Sector 68/67,S348
801,Sector 68/69,S243
802,Sector 68/79,S213
803,Sector 69/68,S245
804,Sector 69/70,S394
805,Sector 70/69,S395
806,Sector 7/19,S89
807,Sector-72/75,S565
808,Sector-74/119,S566
809,Sector-75/72,S569
810,Sector 7/8,S467
811,Sector 7/8 Panchkula,S682
812,Sector 79/68,S214
813,Sector 79/80,S223
814,Sector 7 Market,S377
815,Sector 80/67,S437
816,Sector 80/79,S222
817,Sector 81/66(IISER),S218
818,Sector 8/17 Panchkula,S476
819,Sector 8/18,S86
820,Sector 82,S694
821,Sector 82/66A,S220
822,Sector 82/81,S698
823,Sector 82A,S1002
824,Sector 82/Chilla Village.,S699
825,Sector 83/Saini Majra.,S700
826,Sector 8/5,S687
827,Sector 8/7,S468
828,Sector 8/9,S281
829,Sector 8D/18,S989
830,Sector 8 Market,S378
831,Sector 9/16 Panchkula,S202
832,Sector 9/17,S187
833,Sector 9/8,S280
834,Sector 9A Parking.,S707
835,Sector 9D/17,S990
836,Sector 9 Market (Down),S431
837,Sector 9 Market (Up),S147
838,SGGS-26 College,S376
839,SGGS-26 Girls College,S974
850,Sohana Light Point,S570
851,Sports Complex,S686
852,Sports Complex Kajheri,S835
853,"SPORTS COMPLEX, SARANGPUR",S728
854,SPORTS COMPLEX SECTOR 38,S878
855,"SPORTS COMPLEX,SECTOR 56",S883
856,SPORTS COMPLEX SECTOR-7,S765
857,Sri Guru Gobind Singh Sr Sec. School,S619
858,"ST JOSEPH SCHOOL, SECTOR 44",S852
859,ST.STEPHEN SCHOOL SECTOR 45 B,S909
860,Sukhgarh,Sukhgarh
861,Sukhna Lake.,S256
862,Sunny-Gilco Park.,S1005
863,Sushma Square.,S695
864,Tangori,S702
865,Tank Chowk,S266
866,Tanki Mod,S1017
867,TDI CITY,S567
868,Tida Cricket Stadium New,S1014
869,Togan,S1015
870,T-Point Flyover Derri.,S1006
871,Transport Chowk (Down).,S458
872,Transport Chowk (Up).,S457
873,Tribune Chowk,S12
874,Tribune Chowk 1.,S10
875,Tribune Chowk 2.,S11
876,Tribune Chowk / Industrial Phase 1/2,S144
877,"TRIBUNE MODEL SCHOOL, SECTOR-29D",S791
878,U.I.E.T. ACADEMIC BLOCK 1 SECTOR 25,S734
879,U.I.E.T. ACADEMIC BLOCK 2 SECTOR 25,S735
880,U.T. GUEST HOUSE,S481
881,UT Secretariat Towards. High Court,S176
222,GOVT. MODEL HIGH SCHOOL SECTOR 42 B,S886
223,GOVT MODEL HIGH SCHOOL SECTOR-48D,S799
224,"Govt Model High School, Sector 7C, Chandigarh",S818
225,"GOVT MODEL HIGH SCHOOL VIKAS NAGAR, MAULI JAGRAN, CHANDIGARH",S807
226,GOVT. MODEL HIGH SCHOOL VILLAGE BADHERI,S887
227,"GOVT MODEL MIDDLE SCHOOL, MODERN COMPLEX (INSIDE), MANIMAJRA",S841
228,"GOVT. MODEL MIDDLE SCHOOL, POCKET NO-10 MANIMAJRA",S842
229,"Govt Model Middle School, Sector 23D",S920
230,"GOVT MODEL MIDDLE SCHOOL, SECTOR 45",S853
231,"Govt Model Middle School, Sector 49D",S922
232,"GOVT MODEL NURSERY SCHOOL, Building No 32, SECTOR-7A",S764
233,"GOVT. MODEL SENIOR SECONDARY SCHOOL, MODERN HOUSING COMPLEX, MANIMAJRA",S847
234,"GOVT. MODEL SENIOR SECONDARY SCHOOL, SECTOR 35 D",S899
235,"GOVT. MODEL SENIOR SECONDARY SCHOOL, SECTOR 37B",S901
236,"GOVT. MODEL SENIOR SECONDARY SCHOOL, SECTOR 39C",S888
237,"GOVT. MODEL SENIOR SECONDARY SCHOOL, SECTOR 40B",S889
238,"GOVT MODEL SENIOR SECONDARY SCHOOL , SECTOR 44B",S850
239,GOVT MODEL SENIOR SECONDARY SCHOOL.SECTOR 45C,S854
240,"GOVT. MODEL SENIOR SECONDARY SCHOOL , SECTOR 46 D",S858
241,"GOVT MODEL SENIOR SECONDARY SCHOOL, SECTOR-47D",S795
242,"GOVT. MODEL SENIOR SECONDARY SCHOOL, SECTOR 56",S890
243,"GOVT MODEL SENIOR SECONDARY SCHOOL, VILLAGE BEHLANA",S800
244,"GOVT MODEL SR SECONDARY SCHOOL , VILLAGE-KAIMBWALA",S763
245,"GOVT MODEL Sr Sec SCHOOL, DADUMAJRA COLONY",S873
246,"GOVT MODEL Sr Sec SCHOOL, KARSAN RAMDARBAR, PHASE 2 CHANDIGARH",S816
247,GOVT MODEL Sr SEC SCHOOL. KHUDA ALLSHER,S741
248,"GOVT MODEL Sr. Sec SCHOOL, RAIPUR KALAN, CHANDIGARH",S814
249,Govt Model Sr Sec Schoo!. RC1 Maloya,S828
250,"GOVT.MODEL.SR SEC.SCHOOL, SARANGPUR",S738
251,"GOVT MODEL SR SEC SCHOOL , SECTOR - 10A, CHANDIGARH",S746
252,"GOVT MODEL Sr SEC SCHOOL, SECTOR-15C, CHANDIGARH",S752
253,"GOVT MODEL SR SEC SCHOOL, SECTOR-16C, Chandigarh",S753
254,"GOVT MODEL Sr SEC SCHOOL, SECTOR-22A Chandigarh",S755
255,"Goyt. Model Sr. Sec. School Sector-23A, chandigarh",S760
256,"GOVT.MODEL Sr Sec SCHOOL, SECTOR 32 C",S894
257,"GOVT MODEL Sr Sec SCHOOL, SECTOR 33 D",S897
258,"GOVT. MODEL Sr Sec SCHOOL, SECTOR 37 D",S903
259,"GOVT MODEL Sr SEC SCHOOL, SECTOR - 8B CHANDIGARH",S743
260,"GOVT PRIMARY SCHOOL POCKET NO-1, MANIMAJRA",S844
261,GOVT. PRIMARY SCHOOL (RC-3) DHANAS,S727
262,"GOVT. PRIMARY SCHOOL, SECTOR-12, CHANDIGARH",S748
263,"GOVT PRIMARY SCHOOL SECTOR-26(TM), Bapu Dham",S914
264,"GOVT SENIOR SECONDARY SCHOOL, MANIMAJRA TOWN, Chandigarh",S837
265,"GOVT SENIOR SECONDARY SCHOOL, VILLAGE RAIPUR KHURD",S801
266,GOVT SR SEC SCHOOL. KHUDA LAHORA,S739
267,GOVT Sr Sec SCHOOL SECTOR 45 A,S907
268,"GOVT. SR. SEC. SCHOOL. VILLAGE - MAULI JAGRAN, CHANDIGARH",S806
269,Gurudhwara Chowk.,Gurudhwara Chowk
270,"GURU HARKRISHAN PUBLIC SCHOOL, SECTOR 40C",S891
271,"GURUKUL GLOBAL SCHOOL, MANIMAJRA, Chandiqarh",S839
272,Guru Nanak,J003
273,"GURU NANAK KHALSA SENIOR SECONDARY SCHOOL, SECTOR-30",S802
274,Guru Nanak Public School Sector 36 Chandigarh,S929
275,"GYMNASIUM HALL CCA , PEC, SECTOR -12, CHANDIGARH",S749
276,Hallo Majra (Down),S9
277,Hallo Majra (UP),S78
395,"MOTI RAM ARYA SENIOR SECONDARY SCHOOL. SECTOR-27A, Chandigarh",S780
396,Mouli Nabi (Down).,S401
397,Mubarkpur,S270
398,Mullanpur,S154
399,Nabha Sahib,S490
400,Nabha Sahib (Down),S491
401,Nabha Village.,S626
402,Nada Sahib,S120
403,Nada Village.,S563
404,Nandiali,S627
405,Naya Gaon,S261
406,New Airport,S161
407,New Airport Chowk- Mohali (Down),S421
408,New Airport Chowk- Mohali (Up),S419
409,"NEW COMMUNITY CENTRE, SECTOR 56",S881
410,"NEW COMMUNITY CENTRE VIKAS NAGAR, MAULI JAGRAN, CHANDIGARH",S809
411,New Creche building near anganwadi centre ramdarbar,S915
412,"New Creche building,. Sector 27C",S921
413,New Maloya Colony.,S259
414,New Maloya Parking.,S600
415,New OPD (Down),S534
416,New OPD (Up),S146
840,"SGGS COLLEGIATE PUBLIC SCHOOL, SECTOR-26, Chandigarh",S775
841,"SHARDA SARVHITKARI MODEL SENIOR SECONDARY SCHOOL, SECTOR 40 D",S882
842,"SHISHU NIKETAN MODEL Sr Sec SCHOOL, SECTOR -22D, Chandigarh",S759
843,"SHIVALIK PUBLIC SCHOOL, SECTOR 41 B",S892
844,Sialba Majri,S397
845,Singha Devi,S562
846,Singhpura (Down),S157
847,Singhpura (UP),S159
848,Siyonk/Soonak.,Siyonk/ Soonak
849,Sohana,S97
24,Amity University.,S1001
25,"Anganwadi 2 Creche near civil dispensary, Daddu majra",S834
26,"Anganwadi Building no 1, Maloya Colony Chandigarh",S826
27,"Anqanwadi Buildinq no 1 Near Police Post, Sector 56 Chandigarh",S822
28,Anganwadi Building no 2-3 New Indira Colony.,S927
29,"Anganwadi Building no 2, Maloya Colony Chandigarh",S825
30,"Anganwadi Building no 3, Maloya Colony Chandigarh",S827
31,Anqanwadi centre near sant nirankari bhawan ramdarbar,S917
32,Anganwadi centre near vishvakarma mandir ramdarbar,S916
33,"ANGANWADI CENTRE NO-1 SECTOR-26, Bapu Dham",S913
34,Anganwadi Centre Ramdarbar,S925
35,"Anganwadi composite. building no 3/4 near Community Centre, Daddu majra",S833
36,"Anganwadi composite. building no 3 near Community Centre, Daddu majra",S831
37,"Anqanwadi composite building no 4 near Community Centre, Daddu majra",S832
38,"Anganwadi cum Creche Centre Building no 2, Sector 56 Chandigarh",S824
39,"ANKUR NURSERY SCHOOL PANJAB UNIVERSITY, SECTOR 14, CHANDIGARH",S750
40,Aroma,S48
86,"COMMUNITY CENTRE, BHAGWANPUrA. VI!L AGE KISHANGARH, Chandigarh",S836
87,"COMMUNITY CENTRE. MAUL JAGRAN COLONY, PART 2, CHANDIGARH",S811
88,"Community Centre near anganwadi composite building no 4, Daddu. majra(Harijan Dharamshala)",S830
89,"COMMUNITY CENTRE. NEAR SHIVALIK PARK, MANIMAJRA",S846
90,Community Centre near small flats Maloya.,S829
91,"COMMUNITY CENTRE, NEAR THAKURDWARA MANIMAJRA",S843
92,"COMMUNITY CENTRE, PHASE 2, RAMDARBAR, CHANDIGARH",S817
93,"COMMUNITY CENTRE, SARANGPUR",S736
116,"DAV MODEL SR SEC SCHOOL, SECTOR-15A, Chandigarh",S751
117,DAV MODEL Sr SEC SCHOOL SECTOR - 8C. CHANDIGARH,S744
118,Dayalpura,S385
119,"D C MONTESSORI (SR. SEC SMART) SCHOOL, MANIMAJRA",S845
120,Depot 3 Workshop,S577
121,Depot 4,S427
122,Dera Bassi,S23
123,Derri,S440
124,Derri Parking,S576
125,Desu Majra,S166
126,Devilal chowk Panchkula,S321
161,"G.M.S.S.School, Sector 20D, Chandigarh",S819
162,"G.M.S.S.SCHOOL. SECTOR-21A, Chandigarh",S773
163,"G.M.S.S.SCHOOL, SECTOR-27C, Chandigarh",S781
164,"G.M.S.S.SCHOOL, TIMBER MARKET, SECTOR-26 Chandigarh",S778
165,"G.M.S.S.School, Village Dhanas",S722
166,Golden Sand Apartment Dhakoli,S671
167,Golf Range,S681
168,"GOVERNMENT COLLEGE OF COMMERCE & BUSINESS ADMINISTRATION, SECTOR 50-C",S861
169,GOVERNMENT HIGH SCHOOL SECTOR 52,S865
170,GOVERNMENT HIGH SCHOOL (SMART) SECTOR 50 B,S862
171,"GOVERNMENT MODEL HIGH SCHOOL, SECTOR 49 D",S860
172,GOVERNMENT MODEL SENIOR SECONDARY SCHOOL RC-1 SMALL FLATS MALOYA,S866
173,Govind Vihar,S471
174,"GOVT COLLEGE OF EDUCATION, SECTOR-20D, Chandigarh",S772
175,"Govt High School and Community Centre, New Indira Colony",S924
176,"GOVT HIGH SCHOOL HALLOMAJRA, CAMPUS 2 INDUSTRIAL AREA, PHASE-1",S803
177,GOVT HIGH SCHOOL MALOYA COLONY,S868
196,"Govt Model High School, kishangarh.",S821
197,"GOVT MODEL HIGH SCHOOL MAKHAN MAJRA, CHANDIGARH",S813
198,"GOVT MODEL HIGH SCHOOL MAULI JAGRAN COLONY, CHANDIGARH",S810
199,"GOVT MODEL HIGH SCHOOL NEAR BUS STAND, MANIMAJRA",S840
200,Govt Model High School Pocket no 1,S928
201,"GOVT. MODEL HIGH SCHOOL POCKET NO-8, MANIMAJRA",S849
202,"GOVT MODEL HIGH SCHOOL (RC-1), DHANAS",S725
203,"GOVT MODEL HIGH SCHOOL (RC-2), DHANAS",S726
349,Lakhnaur (DC Office Mohali),S272
350,Landran (Down),S123
351,Landran Parking,S597
352,Landran (Up),S124
353,"LIBRARY NEAR GOVT Sr Sec SCHOOL, DADUMAJRA COLONY",S872
354,Lohgarh,S454
355,LOHIA INTERNATIONAL SCHOOL. MANIMAJRA,S848
356,Madanpur 32 (Down),S489
357,Madanpur 32 (Up),S488
358,Madanpur (Down),S258
359,Madanpur (Up),S257
882,UT Secretariat Towards ISBT 43,S177
883,"VACANT FLAT, IN PART 2, MAULI JAGRAN, CHANDIGARH",S812
884,Victoria Enclave Zirakpur,S625
885,vikasnagar,S564
886,Vikas Nagar.,S381
887,"XEN HORTICULTURE DIVISION, SECTOR - 23C",S761
888,YPS CHOWK (Down),S98
889,YPS Chowk (Up),S542
890,YPS/Sector 52/61,S100
891,YPS/Sector 61/52,S99
892,Zirakpur Bus Stand,S609
893,Zirakpur (Down),S45
894,Zirakpur Parking,S631
895,Zirakpur/S/Vihar,S391
896,Zirakpur (Up),S46